Key,signType
10_45.4340746_-73.69393389,No Parking
100_45.4443356_-73.6476956,Parking Allowed
